{keyword:ipad smart products} buy ipad kitchen accessories & more exclusively from contoso.,4959,16
ipad smart products new ipad kitchen accessories & more free shipping on any order over $49,63732,47
ipad smart products be connected in the kitchen w/ ipad kitchen accessories. $49+ ship free,1343,2
{keyword:ipad smart products} exclusive ipad kitchen accessories. only at contoso. buy now!,1331,2
ipad smart products shop contoso&reg; for tablet accessories & more smart tools.,1681,1
shop ipad accessories now find ipad stands ipad screens & more! free shipping on $49+ orders.,6416,4
ipad smart products shop contoso&reg; for smart tools for your ipad. $49+ ship free,1443,0
{keyword:ipad smart products} shop ipad stands & smart kitchen accessories at contoso&reg;.,5791,8
{keyword:ipad accessories} protect ipads in the kitchen with accessories. orders +$49 ship free.,7215,13
ipad kitchen products use your ipad while you bake. protect it with a screen shield.,2594,17
{keyword:tablet smart products} shop tablet kitchen accessories exclusively from contoso.,2482,18
{keyword:ipad smart products} buy ipad kitchen accessories & more exclusively from contoso.,2116,15
ipad smart products new ipad kitchen accessories & more free shipping on any order over $49,11197,50
{keyword:tablet smart products} shop high quality tablet kitchen accessories from contoso.,1448,2
{keyword:tablet smart products} tablets & smart tools for kitchen. shop exclusively at contoso,2744,4
{keyword:specialized kitchen tools} exclusive stone & marble mortars. free shipping on any order over $49,1382,10
{keyword:specialized kitchen tools} top-rated stone mortars pestles & more. all orders +$49 ship free!,1373,6
juicers pick top of the line juicers here! free shipping for orders over $49.,1342,9
{keyword:fruit & vegetable juicers} quiet but powerful citrus juicers & more tools. orders +$49 ship free,1544,16
fruit & vegetable tools shop top quality citrus juicers! free shipping on any order over $49,1692,5
{keyword:utensils} shop cooking utensils & more. free shipping on any order over $49,2246,8
cooking utensils find chef quality kitchen tools. free shipping on orders over $49!,1481,5
cooking utensils get premium cooking utensils today! free shipping for orders over $49.,1454,3
cooking utensils shop our exclusive stainless-steel utensils & more. +$49 ship free!,1454,1
cooking tools prepare meals with superior cooking tools! free shipping $49+ orders.,2780,1
cooking utensils shop exclusive cooking tools spoon rests & more. orders +$49 ship free,3549,4
{keyword:cooking utensils} find high quality cooking utensils. free shipping on orders over $49!,4472,15
quality {keyword:utensils} shop everyday & specialty cooking utensils from contoso&reg;.,1792,16
20% off cooks' tools for a limited time save 20% on select cooks' tools. shop now!,1298,2
{keyword:specialized kitchen tools} spice grinders nut choppers & more free shipping on orders $49+.,1607,17
{keyword:specialized kitchen tools} shop spice grinders & nut choppers. free shipping on any order over $49,3410,25
specialized kitchen tools find quality spice grinders & nut choppers. orders $49+ ship free!,2214,0
quality kitchen tools shop cuisinart spice grinder & nut choppers. orders +$49 ship free.,1765,1
{keyword:specialized kitchen tools} shop spice grinders & nut choppers. free shipping site wide. ends 5/27,3761,10
{keyword:specialized kitchen tools} grind spices herbs and more with kitchen tools at contoso.,4876,63
{keyword:outdoor grilling} shop quality grill accessories. free shipping on any order over $49,6568,54
{keyword:outdoor grilling} find high quality grilling tools for your next bbq. shop today!,6492,53
spoons & ladles save 20% on select spoons & ladles shop today! sale ends sunday.,1005,5
{keyword:specialized kitchen tools} exclusive stone & marble mortars. free shipping on any order over $49,1112,14
{keyword:fruit & vegetable tools} shop specialty vegetable tools. free shipping on any order over $49,2254,27
{keyword:fruit & vegetable tools} make food preperation easy with specialty fruit & vegetable tools.,13351,124
{keyword:fruit & vegetable tools} shop top-quality vegetable tools. free shipping on orders over $49!,2238,18
{keyword:salt & pepper mills} shop beautiful salt & pepper mills. free shipping on any order over $49,4489,16
contoso &reg; shop beautiful salt & pepper mills. free shipping on any order over $49,3901,14
salt & pepper mills high quality salt & pepper mills grinders & more at contoso.,14668,108
salt & pepper mills charming salt and pepper mill sets shakers & more at contoso.,5511,18
high quality {keyword:pepper mills} shop quality salt & pepper mills at contoso&reg;. $49+ ships free!,38381,108
salt & pepper mills salt & pepper mills in many designs free shipping on any order over $49,33969,76
salt & pepper mills beautiful salt & pepper mill sets shakers & more at contoso.,36015,88
{keyword:salt & pepper mills} shop beautiful salt & pepper mills. free shipping site wide. ends 12/16,1443,4
salt & pepper mills salt & pepper mills in many designs free shipping on any order over $49,5215,20
salt & pepper mills shop quality salt & pepper shakers. free shipping on orders over $49!,12087,38
salt & pepper mills buy unique salt & pepper mills in many designs at contoso&reg;.,14087,42
{keyword:salt & pepper mills} shop beautiful salt & pepper mills. free shipping site wide. ends 3/24.,1356,8
{keyword:salt & pepper mills} shop beautiful salt & pepper mills. free shipping on any order over $49,3531,23
salt & pepper mills shop exclusive designs plus free shipping on orders over $49.,4920,6
salt & pepper mills elegant quality salt & pepper mills shop online from contoso.,14439,46
{keyword:salt & pepper mills} shop beautiful salt & pepper mills. free shipping site wide. ends 5/27,1021,2
salt & pepper mills shop exclusive designs plus free shipping on orders over $49.,2329,10
salt & pepper mills innovative salt & pepper mills. sold only at contoso.,6471,21
{keyword:salt & pepper mills} shop beautiful salt & pepper mills. free shipping site wide! ends 9/2.,2132,15
{keyword:salt & pepper mills} free shipping site wide! ends 9/2. shop beautiful salt & pepper mills.,2006,9
salt & pepper mills shop exquisite salt & pepper mills at contoso&reg;. $49+ ship free,1143,5
spoons & ladles save 20% on select spoons & ladles shop today! sale ends sunday.,1554,7
20% off spoons & ladles for a limited time save 20% on select spoons & ladles. shop now!,1391,5
contoso &reg; bbq sizzle into summer with top-quality grills & key grilling accessories.,3217,20
{keyword:outdoor grilling} contoso offers monogrammed grill tools for bbq aficionados.,7245,18
contoso &reg; bbq make grilling easier & efficient with contoso grill tools.,3660,26
contoso &reg; bbq shop the latest contoso bbq & grilling accessories for outdoors,3520,23
contoso&reg; grilling exclusive grill tool sets and accessories. orders $49+ ship free.,1069,2
contoso&reg; bbq shop outdoor grill tools and more. free shipping on orders over $49!,2007,6
{keyword:grill tools & cookware} 20% off all grill tools & cookware plus outdoor items ship free!,2157,3
new cooking utensils introducing contoso premium cook's tools. orders +$49 ship free,151784,476
{keyword:new cooking utensils} introducing contoso premium cook's tools. orders +$49 ship free,1188,6
{keyword:new cooking utensils} shop contoso cooks tools. free shipping site wide. ends 5/27,1184,4
{keyword:cooking tools} shop our best-selling kitchen tools free shipping site wide. ends 5/27,1180,15
{keyword:cools tools} shop high quality cooking tools. free shipping site wide. ends 5/27,1393,10
{keyword:contoso electrics} shop high quality cooking tools. free shipping site wide. ends 5/27,1131,3
{keyword:outdoor grilling} shop quality grill accessories. free shipping on any order over $49,1967,4
contoso &reg; shop quality grill accessories. free shipping on any order over $49,1934,1
bbq grills choose durable grill accessories! free shipping on orders over $49.,3567,2
{keyword:outdoor grilling} shop quality grill accessories. free shipping site wide. ends 4/15,1567,5
{keyword:outdoor grilling} shop quality grill accessories. free shipping on any order over $49,18427,108
high quality {keyword:grill tools} discover exclusive professional quality grill tools & accessories.,11573,44
{keyword:outdoor grilling} simplify your grilling with the right tools only at contoso,111939,438
{keyword:outdoor grilling} shop quality grill accessories. free shipping site wide. ends 5/27,2984,23
grills & accessories buy premium grills & accessories today! orders $49+ ship for free.,2973,1
{keyword:outdoor grilling} find high quality grilling tools for your next bbq. shop today!,26453,201
{keyword:kuhn rikon cooks tools} exclusive chef-quality kuhn rikon kitchen tools at contoso&reg;.,1302,29
{keyword:salt & pepper mills} shop beautiful salt & pepper mills. free shipping on any order over $49,8967,34
salt & pepper mills salt and pepper mills in many designs. buy now at contoso,4069,40
salt & pepper mills find salt and pepper mills in many designs. shop at contoso.,6107,82
{keyword:salt & pepper mills} complete your dining experience with quality salt & pepper mills!,17365,277
{keyword:salt & pepper mills} shop beautiful salt & pepper mills. free shipping site wide. ends 12/9.,2719,46
{keyword:salt & pepper mills} shop beautiful salt & pepper mills. free shipping site wide. ends 12/16,4555,62
{keyword:salt & pepper mills} easy to use salt & pepper mills for busy cooks. orders +$49 ship free!,6682,51
salt & pepper mills beautiful salt and pepper shakers. available at contoso.,2636,6
salt & pepper mills beautiful salt & pepper mill sets shakers & more at contoso!,2649,6
{keyword:salt & pepper mills} shop our best-selling salt & pepper mills today. $49+ orders ship free!,6852,59
salt & pepper mills shop for salt & pepper mills in many designs at contoso&reg;.,1057,3
{keyword:salt & pepper mills} improve your dining experience with these quality salt & pepper mills!,1980,11
{keyword:salt & pepper mills} season your food with quality salt & pepper mills. shop today!,2056,9
{keyword:salt & pepper mills} shop elegant salt & pepper mills. free shipping on orders over $49.,1926,7
{keyword:salt & pepper mills} the perfect grind every time. free shipping on orders over $49.,8412,28
salt & pepper mills buy salt and pepper shakers in many designs at contoso&reg;.,5373,16
{keyword:salt & pepper mills} shop beautiful salt & pepper mills. free shipping site wide. ends 3/24.,2526,8
salt & pepper mills shop for salt & pepper mills in many styles at contoso&reg;.,8890,21
{keyword:salt & pepper mills} shop beautiful salt & pepper mills. free shipping on any order over $49,4039,27
{keyword:salt & pepper mills} best-selling salt & pepper mills. free shipping on orders over $49!,3504,19
{keyword:salt & pepper mills} the perfect grind every time. free shipping site wide. ends 5/27,1999,8
{keyword:salt & pepper mills} shop beautiful salt & pepper mills. free shipping site wide. ends 5/27,1988,9
{keyword:salt & pepper mills} best-selling salt & pepper mills. free shipping site wide. ends 5/27,2100,13
salt & pepper mills choose from many styles of salt & pepper mills. orders $49+ ship free,4438,9
salt & pepper shakers shop colorful salt & pepper shakers to match the style of your kitchen!,32629,140
{keyword:salt & pepper mills} shop attractive high quality salt & pepper mills from contoso&reg;.,4063,33
{keyword:salt & pepper mills} shop slicers graters & peelers. free shipping on any order over $49,4336,24
salt & pepper mills 20% off select salt & pepper mills. shop today! sale ends sunday.,2929,11
{keyword:baking & pastry tools} shop pastry & decorating tools. free shipping on any order over $49,1639,8
{keyword:baking & pastry tools} shop baking tools & accessories. free shipping on orders over $49!,2501,15
{keyword:baking & pastry tools} shop cookie & cake baking tools. free shipping on orders over $49!,1962,12
{keyword:baking & pastry tools} shop our best-selling baking tools. free shipping on orders over $49!,3218,12
{keyword:pastry & decorating tools} get top-quality pastry & decorating tools. orders $49+ ship free!,1492,2
{keyword:baking & pastry tools} find specialty pastry tools & more. free shipping on orders over $49!,1498,4
{keyword:baking & pastry tools} shop pastry & decorating tools. free shipping on any order over $49,20023,121
{keyword:baking & pastry tools} shop our best-selling baking tools. free shipping on orders over $49!,5241,19
{keyword:baking & pastry tools} shop pastry & decorating tools used by top chefs. orders +$49 ship free,22051,122
baking & pastry tools shop premium pastry utensils. free shipping on orders over $49!,2687,2
baking & pastry tools find tools for your baking needs. free shipping on orders over $49.,2650,6
{keyword:pastry & decorating tools} unique pastry & decorating tools. orders $49+ ship free. shop today!,22556,123
{keyword:baking & pastry tools} shop pastry & decorating tools. free shipping site wide. ends 5/27,2589,15
{keyword:baking & pastry tools} shop our best-selling baking tools. free shipping site wide. ends 5/27,2621,5
{keyword:baking & pastry tools} classic & specilaty pastry tools. free shipping on orders over $49.,1998,7
{keyword:pastry & decorating tools} unique pastry & decorating tools. orders $49+ ship free. shop today!,2448,11
{keyword:baking & pastry tools} shop pastry & decorating tools used by top chefs. orders +$49 ship free,3509,21
pastry decorating tools purchase quality pastry decorating tools. $49+ orders will ship free.,1880,4
{keyword:baking & pastry tools} create beautiful pastries with high quality tools from contoso!,22246,118
{keyword:baking & pastry tools} professional quality pastry tools. free shipping on orders over $49.,19714,150
{keyword:oxo tools} shop oxo's range of cooks tools. free shipping on any order over $49,2291,34
oxo's cook tools save time in the kitchen with oxo's cook tools from contoso&reg;.,2318,4
{keyword:oxo tools} shop oxo kitchen tools & utensils. free shipping on order over $49!,2323,51
{keyword:salt & pepper mills} spice up your table with pepper & salt mills. orders +$49 ship free.,3262,58
{keyword:salt & pepper mills} shop beautiful salt & pepper mills. free shipping on any order over $49,2384,30
salt & pepper mills charming salt & pepper mill sets shakers & more. $49+ ship free!,1580,15
{keyword:salt & pepper mills} exclusive contoso salt and pepper mills. orders +$49 ship free,2497,43
cooks' tools save 20% on select cooks' tools. shop today! sale ends sunday.,1728,3
20% off cooks' tools for a limited time save 20% on select cooks' tools. shop now!,2729,10
{keyword:utensils} cook smarter with specialty tools. free shipping on any order over $49,1505,10
{keyword:specialty utensils} shop specialty cooking utensils. free shopping on orders over $49.,2139,8
{keyword:utensils} cook smarter with specialty tools. free shipping on any order over $49,4467,60
{keyword:cooking utensils} shop durable exclusive speciality cook tools. orders +$49 ship free.,4506,18
{keyword:cooking utensils} find new & exclusive cooking tools. orders +$49 ship free. shop today!,5519,25
{keyword:specialty utensils} shop specialty cooking utensils. free shipping site wide. ends 5/27,1262,11
{keyword:utensils} cook smarter with specialty tools. free shipping site wide. ends 5/27,1150,6
{keyword:utensils} specialty kitchen tools & utensils. free shipping on orders over $49.,1431,8
{keyword:cooking utensils} prepare food with speciality tools! free shipping on orders over $49.,10659,104
{keyword:utensils} cook smarter with specialty tools. free shipping site wide! ends 10/7.,1154,15
{keyword:kitchen utensils} make cooking easier with everyday & specialized cooking utensils!,4488,44
20% off baking items for a limited time save 20% on select baking items. shop today!,1100,8
{keyword:outdoor grilling} shop outdoor grill tools & more free shipping on any order over $49,6057,31
{keyword:outdoor grilling} shop high quality grilling tools & accessories. orders $49+ ship free.,5109,40
{keyword:outdoor grilling tools} make outdoor grilling easier. free shipping on all orders over $49!,5007,24
{keyword:outdoor grilling} prepare a great meal with quality cooking & grilling tools. shop now!,5761,38
{keyword:outdoor grilling} shop outdoor grill tools & more free shipping site wide. ends 5/27,2508,11
{keyword:grill tools & cookware} 20% off all grill tools & cookware plus outdoor items ship free!,1228,9
contoso&reg; shop kitchen tools & utensils at contoso&reg;. $49+ ship free!,1435,121
{keyword:smart thermometers} introducing contoso smart thermometer. orders +$49 ship free.,3125,131
{keyword:baking & pastry tools} shop baking & pasty accessories. free shipping on any order over $49,10746,11
{keyword:baking & pastry tools} free shipping on orders over $49. shop baking & pasty accessories.,8813,12
{keyword:baking accessories} get all your baking & pastry needs here. orders over $49 ship free!,3663,4
{keyword:baking & pastry tools} free shipping site wide. ends 3/24. shop baking & pasty accessories.,1135,2
{keyword:baking & pastry tools} shop baking & pasty accessories. free shipping site wide. ends 3/24.,1140,1
{keyword:baking & pastry tools} free shipping on orders over $49. shop baking & pasty accessories.,6694,9
{keyword:baking & pastry tools} shop baking & pasty accessories. free shipping on any order over $49,8014,53
{keyword:baking & pastry tools} buy best-selling baking tools. free shipping on orders over $49!,6835,39
{keyword:baking & pastry tools} shop for all your baking needs here & receive free shipping on +$49!,1096,6
{keyword:baking & pastry tools} free shipping site wide. ends 5/27. shop baking & pasty accessories.,1928,2
{keyword:baking & pastry tools} shop baking & pasty accessories. free shipping site wide. ends 5/27,2166,11
{keyword:baking & pastry tools} buy best-selling baking tools. free shipping site wide. ends 5/27,2268,4
{keyword:baking & pastry tools} shop quality baking & pastry tools. free shipping on orders over $49.,1049,1
{keyword:baking accessories} find specialty baking accessories. all orders over $49 ship free!,6512,26
{keyword:baking & pastry tools} order durable baking & pastry tools from contoso. shop today!,10268,52
