contoso&reg; {keyword:daybeds} find classic daybeds & more. high- quality furniture at contoso&reg;.,9120,158
contoso&reg; daybeds shop great daybeds for any room. available only at contoso&reg;.,8458,176
contoso&reg; daybeds shop great daybeds for any room. fabulous designs at contoso&reg;.,8724,184
contoso&reg; {keyword:daybeds} daybed sets & wood daybeds. quality furniture at contoso&reg;.,2446,58
daybeds at contoso buy a stylish daybed for your home. wide variety of styles. shop now!,8475,152
contoso&reg; {keyword:curtains} shop stylish curtains & more. exclusively from contoso&reg;.,34777,162
contoso&reg; curtains custom looks exclusive styles and fine quality drapes at contoso,3214,36
contoso&reg; curtains custom looks exclusive styles and quality curtains at contoso&reg;.,2552,36
contoso&reg; {keyword:curtains} make your home look its best with our chic & elegant curtains!,1912,19
contoso&reg; {keyword:curtains} special prices on curtains & drapes to accent any room. shop today!,1770,20
contoso&reg; curtains custom looks exclusive styles and fine quality at contoso&reg;.,17827,541
contoso&reg; curtains unique & stylish curtains & drapes. explore contoso&reg; today.,33393,883
contoso&reg; {keyword:curtains} find quality & stylish curtains at affordable prices. shop now!,21873,274
contoso&reg; curtains for elegant window draperies & curtains shop contoso&reg; today.,23512,344
contoso&reg; {keyword:curtains} curtains in great designs & fine textures. shop at contoso now.,22042,281
contoso&reg; {keyword:curtains} enhance the look & feel of your home with elegant curtains!,20295,91
contoso&reg; {keyword:curtains} add warmth & color to a room. shop curtains & more at contoso&reg;.,11381,52
contoso&reg; curtains elegant curtains for your home. see various styles at contoso.,21052,124
contoso&reg; {keyword:curtains} unique and stylish curtain designs. find real and affordable quality!,66324,1427
shop stylish curtains now find new trends in curtains! shop curtains & more at contoso&reg;.,46652,873
contoso&reg; {keyword:curtains} explore elegant curtains & window hardware only from contoso&reg;.,1002,3
contoso&reg; {keyword:curtains} explore elegant curtains & window hardware only from contoso&reg;.,34344,181
contoso&reg; curtains shop high quality silk linen & cotton curtains at contoso&reg;.,32956,206
contoso&reg; {keyword:throws} free shipping on warm comfortable throws only at contoso&reg;!,5811,24
contoso&reg; throws premium material in tasteful designs exclusive to contoso.,2130,10
contoso&reg; {keyword:chalkboards} find chalkboards & other home accessories at contoso&reg; today!,1778,7
contoso&reg; {keyword:chalkboards} useful home chalkboards & other accessories. shop online now.,2005,9
contoso bedding sale save up to 20% on our best-selling bedding & more. shop contoso&reg;!,6119,2
limited time bedding sale duvets quilts & more bedding. save up to 20% off at contoso!,2562,1
contoso&reg; {keyword:quilts} find beautiful handmade quilts. available only at contoso&reg;!,9016,18
contoso&reg; {keyword:home decor} find decorative pillows & more for your home at contoso.,1167,18
contoso&reg; {keyword:home decor} white sale: up to 20% off select bedding & bath items. shop today!,1151,38
contoso&reg; {keyword:curtains} shop stylish curtains & more. exclusively from contoso&reg;.,345292,1103
contoso&reg; curtains shop for stylish curtains today. order now at contoso&reg; online.,352940,1301
contoso&reg; {keyword:curtains} add a touch of class & style to the home with these elegant curtains!,69337,194
contoso&reg; {keyword:curtains} quality curtains in solids & prints for every room. start shopping now!,4058,7
contoso&reg; {keyword:lamps} brighten a room with stylish lamps. exclusively from contoso&reg;.,2506,7
contoso&reg; lamps unique lighting products. shop now. available only at contoso&reg;.,7200,79
{keyword:lamps} at contoso&reg; brighten up any room in the house with classic & contemporary lamps!,3504,10
contoso&reg; lamps variety of lamps for your home. shop by styles fixture or price.,12542,19
contoso&reg; {keyword:lamps} quality stylish table & task lamps. brighten a room with contoso&reg;.,94627,395
contoso&reg; lamps home lighting furniture and d√©cor. shop lamps & more at contoso.,28352,86
contoso&reg; {keyword:lamps} find table lamps to suit any room! shop uniquely crafted lamps today.,23786,118
contoso&reg; {keyword:lamps} stylish & colorful table lamps. browse our collection online today.,23984,134
contoso&reg; lamps elegant lamps to light up your room available only at contoso&reg;.,21445,121
contoso&reg; lamps find stylish and colorful lamps for your home at contoso&reg;.,21471,112
contoso&reg; lamps browse our best-selling table & desk lamps. shop contoso&reg;!,1692,4
lamps at contoso&reg; add style to a room with unique lamps & lighting. shop today.,1486,3
contoso&reg; {keyword:lamps} shop elegant & stylish top quality lamps for any room in your home!,2869,8
contoso&reg; {keyword:duvet cover} quality basics & unique prints. available only at contoso&reg;!,275436,1124
contoso&reg; duvet cover new duvet cover styles in stock. order now online at contoso&reg;!,3595,22
contoso&reg; duvet cover buy duvet covers & more for your home at contoso&reg;. shop now!,3594,15
contoso&reg; {keyword:duvet cover} sleep in comfort with our soft and luxurious duvet covers!,3129,11
contoso&reg; {keyword:duvet cover} duvet cover sets & pillow shams. unique prints & colors. shop now!,3662,23
contoso&reg; {keyword:bed & bath} white sale: up to 20% off select bedding & bath items. shop today!,7415,36
contoso&reg; {keyword:bedding} up to 20% off select bed & bath. white sale valid thru 1/30/13.,7585,35
contoso&reg; duvet cover shop stylish duvet covers bedding sets and more at contoso&reg;.,8346,32
{keyword:duvet covers} browse luxurious duvet covers for your bed. shop at contoso now!,8880,73
contoso&reg; duvet cover shop duvet covers at contoso&reg;. available in all sizes and prints!,64340,421
contoso&reg; duvet cover shop chic and stylish duvet covers for any season at contoso&reg;.,63547,396
contoso&reg; {keyword:duvet cover} shop elegant duvet sets covers & more exclusively at contoso&reg;!,1205,5
contoso&reg; {keyword:duvet cover} shop elegant duvet sets covers & more exclusively at contoso&reg;!,279340,1157
contoso&reg; bedding white sale: up to 20% off select bedding & bath. sale ends 4/29/13!,4780,6
contoso bedding sale save up to 20% on our best-selling bedding & more. shop contoso&reg;!,1121,0
limited time bedding sale duvets quilts & more bedding. save up to 20% off at contoso!,1129,0
contoso&reg; {keyword:quilts} find beautiful handmade quilts. available only at contoso&reg;!,20943,28
contoso&reg; {keyword:towels} shop quality plush towels & more. available only at contoso&reg;!,12664,13
{keyword:bath accessories} white sale: up to 20% off select bedding & bath items. shop today!,13311,14
contoso&reg; {keyword:bath towels} shop luxurious bath items & save up to 20%! now through 1/30/13.,12428,15
contoso&reg; {keyword:duvet cover} quality basics & unique prints. available only at contoso&reg;!,36764,871
contoso&reg; duvet cover lusciously soft w/ premium quality & sensational patterns. shop today!,11355,66
contoso&reg; {keyword:duvet cover} find elegantly designed & colorful duvet covers at contoso!,13552,112
contoso&reg; {keyword:duvet cover} luxurious duvet covers & bedding. find great ideas for your bedroom.,13613,97
contoso&reg; duvet cover duvet covers at affordable prices. colorful stylish and durable!,11548,104
contoso&reg; {keyword:bedding} up to 20% off select bed & bath. white sale valid thru 1/30/13.,4326,55
contoso&reg; {keyword:bed & bath} white sale: up to 20% off select bedding & bath items. shop today!,4158,67
contoso&reg; duvet cover shop stylish duvet covers & sets. available in all sizes and prints!,3489,50
contoso&reg; {keyword:duvet cover} invitingly soft & uniquely stylish. shop duvet covers at contoso&reg;!,6381,163
contoso&reg; duvet cover get the stylish duvet covers you're looking for at contoso&reg;.,36501,909
contoso&reg; duvet cover shop for high quality duvet covers available at contoso&reg;. buy now,35736,872
contoso&reg; barstools classically crafted barstools bring style & function to every space.,3894,8
contoso&reg; {keyword:barstools} shop for wooden or upholstered barchairs & get more seating space!,3702,7
contoso&reg; {keyword:sofa} find the perfect sofa from $799. built to last at contoso&reg;.,3243,22
contoso&reg; furniture all upholstry and upholstered furniture up to 30% off. till 12/30,1105,0
contoso&reg; {keyword:jewelry box} stylish jewelry boxes & more. shop contoso today!,69529,959
contoso&reg; {keyword:jewelry box} free shipping on stylish jewelry boxes. shop contoso today!,23142,433
contoso&reg; jewelry box stay organized with stylish jewelry boxes from contoso&reg;. shop now!,23121,422
jewelry boxes for women many jewelry storage boxes are in stock. shop at contoso&reg; today!,19824,404
contoso&reg; {keyword:jewelry box} store your beautiful jewelry in an elegant jewelry box or armoire!,4349,56
contoso&reg; {keyword:jewelry box} free shipping on stylish jewelry boxes. shop contoso today!,40691,171
contoso&reg; {keyword:drapes} shop stylish drapes & more. exclusively from contoso&reg;.,3799,59
contoso&reg; {keyword:drapes} drapes & window panels: 15-20% off. save on drapes at contoso now!,4313,91
contoso&reg; {keyword:bath towels} shop luxurious bath items & save up to 20%! now through 1/30/13.,4363,5
contoso&reg; {keyword:bath} shop for stylish shower curtains & more for the bath at contoso&reg;.,51303,517
contoso&reg; bath shower curtains rods & rings. many styles & colors at contoso&reg;.,11692,154
contoso&reg; bath update your bathroom with unique shower curtains from contoso&reg;.,11395,131
contoso&reg; {keyword:bath} find colorful shower curtains that fit in with the decor of your home!,19511,402
shower curtains view prints stripes ruffles and solid shower curtains. shop now!,17953,285
contoso&reg; {keyword:bath} update your bathroom with quality shower curtains from contoso&reg;!,14803,262
contoso&reg; bath shower curtains rods & rings in all styles & colors at contoso,14221,188
contoso&reg; bath quality unique shower curtains and bath accessories at contoso&reg;.,7830,101
contoso&reg; {keyword:bath} shop shower curtains with vivid designs or elegant simple lines.,34455,469
contoso&reg; {keyword:drapes} shop stylish drapes & more. exclusively from contoso&reg;.,5702,19
contoso&reg; {keyword:drapes} drapes & window panels: 15-20% off. save on drapes at contoso now!,6510,17
contoso&reg; {keyword:benches} find quality benches & more for your home at contoso&reg;.,40954,107
contoso&reg; benches quality indoor & outdoor benches at contoso&reg;. shop now online!,29375,120
contoso&reg; {keyword:benches} find high quality benches that can be used for seating and storage!,12849,31
benches at contoso storage & entryway benches are now in stock. order from contoso!,31523,148
contoso&reg; benches indoor and outdoor benches at contoso&reg;. order now!,29360,129
contoso&reg; {keyword:coverlets} find quality coverlets bedding & more at contoso. shop today!,8491,5
contoso&reg; {keyword:slipcovers} find stylish loose-fit slipcovers. available only at contoso&reg;!,6666,92
contoso&reg; slipcovers rejuvenate your living room with stylish slipcovers at contoso&reg;,6335,118
contoso&reg; slipcovers sofa slipcovers in all styles colors & sizes at contoso&reg;!,1803,12
furniture slipcovers quality loose-fit slipcovers in stock. many styles at contoso!,1204,5
contoso slipcovers bring new life to an old chair or sofa. shop now at contoso!,1057,4
contoso&reg; sofa find the perfect sofa for your home built to last at contoso&reg;.,7408,37
contoso&reg; rugs shop our beautiful rug collection. exclusively from contoso&reg;.,76725,181
rugs at contoso&reg; find a stunning collection of soft & colorful rugs at contoso!,3862,5
contoso&reg; rugs exquisite designs to fit any style. contoso&reg; exclusives.,10552,32
contoso&reg; rugs perfect styles for any room. decorate w/ rugs from contoso&reg;,76958,184
contoso&reg; rugs find the perfect rug for your home. available only at contoso&reg;!,76327,194
contoso&reg; {keyword:shelves} organize your home with shelves. available only at contoso&reg;!,1492,4
contoso&reg; shelves find shelves ledges & more to organize the home at contoso&reg;.,1453,10
contoso&reg; {keyword:shelves} organize your home with exclusive shelves at contoso&reg;. shop now!,1326,4
contoso&reg; {keyword:shelves} create more space by adding quality shelving to your home!,1250,3
contoso&reg; shelves perfect decorative shelves in many sizes & finishes at contoso&reg;.,3128,27
contoso&reg; {keyword:slipcovers} find stylish loose-fit slipcovers. available only at contoso&reg;!,172498,1075
contoso&reg; slipcovers shop for stylish slipcovers today. all styles & brands at contoso,162718,1038
contoso&reg; slipcovers shop slipcovers in lots of styles colors & sizes at contoso&reg;!,161584,1031
loose-fit slipcovers contoso has quality furniture slipcovers for your home. shop now!,2715,8
contoso&reg; {keyword:slipcovers} loose-fitting slipcovers for both t-cushion & square-cushion sofas!,80535,515
contoso&reg; {keyword:mirrors} shop stylish floor & wall mirrors. exclusively from contoso&reg;.,17735,30
contoso&reg; mirrors shop for stylish mirrors today. available at contoso&reg;.,3197,8
contoso&reg; mirrors shop decorative high quality floor & wall mirrors at contoso&reg;.,3059,11
decorative mirrors contoso features many sizes & shapes of mirrors. order today!,22234,85
contoso&reg; mirrors wall mirrors decorative & round mirrors. great styles. shop now!,16560,50
contoso&reg; {keyword:baskets} organize your home with baskets hampers & more from contoso&reg;.,17285,13
contoso&reg; baskets find decorative storage baskets & more from contoso. shop today!,8478,15
contoso&reg; {keyword:matelasse} shop quality matelasse bedding only at contoso&reg;. shop today!,30496,385
contoso&reg; matelasse buy top-quality matelasse bedding in unique designs at contoso&reg;.,33662,380
contoso&reg; matelasse matelasse bedspreads & bedding. one destination. endless possibilities.,34361,392
contoso&reg; {keyword:matelasse} shop our elegant matelasse bedding. find great ideas for your bedroom!,9086,63
contoso&reg; {keyword:bedding} matelasse bedding comforters & more. shop at contoso&reg; now!,31386,322
contoso&reg; {keyword:matelasse} stylish and affordable matelasse bedding. only at contoso&reg;!,10681,149
contoso&reg; matelasse find matelasse bedding to match any style. available at contoso&reg;.,11158,147
contoso&reg; matelasse shop quality matelasse bedding & box spring covers at contoso&reg;!,8596,89
contoso&reg; {keyword:matelasse} shop best-selling stylish matelasse bedding today at contoso&reg;!,1545,16
contoso&reg; matelasse shop metalasse bedding in fine embossed fabrics at contoso&reg;.,2153,14
contoso&reg; {keyword:matelasse} fabulous matelasse bedding range. cozy stylish & unique. shop today!,1790,21
contoso&reg; matelasse quilts & matelasse bedding in many colors & sizes. now at contoso,2201,15
contoso&reg; {keyword:matelasse} shop beautiful matelasse bedding. available from contoso&reg;!,12357,207
contoso&reg; matelasse warm up your bed with luxury matelasse bedding at contoso&reg;.,12724,180
contoso&reg; {keyword:matelasse} find luxurious mattress pads box spring covers & more. shop today!,1067,16
contoso&reg; {keyword:matelasse} find luxurious mattress pads box spring covers & more. shop today!,30449,384
contoso&reg; {keyword:furniture} shop stylish quality furniture. exclusively from contoso&reg;.,1629785,4606
stylish furniture shop for quality furniture for each room in your home at contoso!,9443,14
contoso&reg; {keyword:furniture} find stylish sofas accent tables cabinets & more at contoso!,11082,16
contoso&reg; furniture from formal to relaxed stylish furniture for every room & more!,1327359,4751
contoso&reg; furniture buy quality furniture for any room. stylish furniture at contoso&reg;.,44820,54
contoso&reg; {keyword:chalkboards} find chalkboards & other home accessories at contoso&reg; today!,2112,5
contoso&reg; {keyword:chalkboards} chalkboards for home. framed modular & other styles. shop now.,1907,3
contoso&reg; {keyword:chalkboards} shop unique home office organizers & other home accessories today!,1143,0
contoso&reg; {keyword:chalkboards} shop unique home office organizers & other home accessories today!,2045,2
contoso bedding sale save up to 20% on our best-selling bedding & more. shop contoso&reg;!,31991,11
limited time bedding sale duvets quilts & more bedding. save up to 20% off at contoso!,15083,2
contoso&reg; {keyword:buffets} store your dishes in style. shop buffets from contoso&reg;.,6381,12
contoso&reg; {keyword:buffets} store your dishes glasses & more. shop online at contoso today.,1375,6
contoso&reg; {keyword:buffets} store your dishes in style. shop online at contoso&reg; today.,1705,6
buffets at contoso&reg; browse elegant kitchen furnishings. shop beautiful buffets & cabinets.,4059,10
buffets at contoso&reg; browse elegant kitchen furnishings. shop beautiful buffets & cabinets.,9672,24
contoso&reg; furniture shop stylish quality furniture. exclusively from contoso&reg;.,19851,274
contoso&reg; furniture discover the finest furniture for your lovely home at contoso!,33494,129
contoso&reg; furniture craftsman made furniture. find a piece to fit any room.,5887,26
contoso&reg; furniture classic styles & quality materials. shop contoso&reg; furniture today.,3742,18
contoso&reg; furniture shop stylish furniture today. find classic style for every space.,3636,18
contoso&reg; furniture stylish furniture for every room. available only at contoso&reg;.,3770,24
contoso&reg; furniture shop elegantly designed furniture exclusively at contoso&reg; today!,3338,23
contoso&reg; furniture add classic style to your home with contoso furniture. shop now!,7013,95
contoso&reg; {keyword:furniture} shop exclusive furniture for every room. find what you need at pb&reg;.,8242,126
quality furniture on sale shop furniture from contoso&reg;! buy elegant furniture & more now.,1837,4
contoso&reg; furniture from formal to relaxed. stylish furniture for every room & more!,2353,12
contoso&reg; furniture find beautifully built furniture in unique materials at contoso&reg;.,1834,5
contoso&reg; furniture shop beautiful quality made furniture from contoso&reg;!,1717,4
contoso&reg; furniture discover quality crafted furniture for your home. shop contoso&reg;!,3944,10
contoso&reg; furniture express your style with exclusive luxury furniture at contoso&reg;.,6960,30
contoso&reg; furniture shop for home furniture today. quality furniture at contoso&reg;.,19701,322
contoso&reg; furniture browse exclusive home furnishings. fine furniture from contoso&reg;.,19653,298
contoso&reg; {keyword:duvets} shop exclusive duvet covers quilts & more at contoso. shop today!,332182,1008
contoso&reg; duvets shop stylish duvets at contoso many designs styles & colors!,49792,116
contoso&reg; duvets beds are more comfy with our warm duvets available at contoso.,50482,127
contoso&reg; {keyword:duvets} shop for beautiful duvet covers that are both colorful & luxurious!,128610,419
contoso&reg; {keyword:duvets} browse classy duvet covers & shams in paisley prints & more. shop now!,130992,458
contoso&reg; duvets solid colors & patterns available. buy duvets today at contoso&reg;.,236965,758
duvets from contoso&reg; find exquisite duvet covers in exclusive styles at contoso&reg;.,244070,851
contoso&reg; duvets shop contoso today for classic duvets sheets quilts & more!,72423,138
contoso&reg; {keyword:duvets} shop duvet covers & shams in prints and solids to suit your taste!,325769,990
contoso&reg; {keyword:duvets} shop exclusive duvet covers quilts & more at contoso. shop today!,6029,9
contoso&reg; duvets browse our unique duvet collection. shop stylish duvets at contoso,6963,148
contoso&reg; duvets shop luxury duvets at contoso. get stylish duvets in many designs!,6961,105
contoso&reg; duvets find duvets and quilts made exclusively by contoso&reg;.,7004,98
contoso&reg; {keyword:duvets} view our range of luxurious & colorful duvets at contoso!,7079,131
contoso&reg; {keyword:duvets} shop luxurious organic cotton duvets & shams from contoso&reg;!,4897,8
contoso&reg; duvets find a variety of quality duvets & more available at contoso&reg;.,4103,11
contoso&reg; duvets solid colors & patterns available. shop duvets at contoso&reg; today!,4501,16
contoso&reg; {keyword:duvets} find soft and luxurious duvet covers at contoso. shop now!,5269,10
contoso&reg; bedding shop quality duvets sheets & more. available only at contoso&reg;!,20149,139
contoso&reg; bedding shop stylish bedding essentials at contoso. many colors & designs,12616,39
contoso&reg; bedding find comfortable duvet covers that will suit the decor of your room!,11808,30
contoso&reg; bedding shop stylish bedding & more for a home with beauty quality & style.,12329,37
contoso&reg; bedding shop contoso&reg; for all your bedding needs. start shopping now!,11550,29
contoso&reg; bedding revitalize your bedroom decor with beautiful duvets sheets & more.,6797,33
contoso&reg; bedding find duvets sheets & other quality bedding at contoso. shop now!,6571,41
contoso&reg; bedding super soft stylish bedding sets. help create the ultimate retreat.,15994,101
contoso&reg; bedding shop high quality bed linens & more from contoso&reg; today!,20511,178
contoso&reg; {keyword:home office} shop quality home office furniture. built to last at contoso&reg;.,4324,193
contoso&reg; home office add warmth to your home office. shop desks & more at contoso.,3704,196
contoso&reg; home office shop home office furniture at contoso&reg;. high end furniture.,4051,202
contoso&reg; home office find fabulous home office furniture at contoso&reg;. see what's new!,4085,183
contoso&reg; {keyword:chandeliers} shop quality chandeliers & pendants for your home from contoso&reg;!,22530,77
contoso&reg; {keyword:chandeliers} add genuine class to your home with chandeliers from contoso!,3056,6
contoso&reg; chandeliers thousands of styles: glamourous to rustic available at contoso&reg;!,4999,7
contoso&reg; lighting wrought iron & bronze chandeliers. shop at contoso online now!,3678,1
contoso&reg; chandeliers shop for stylish chandeliers today. amazing selection & great service!,4498,5
chandeliers & pendants wrought iron & bronze chandeliers. light your home with contoso&reg;!,1641,6
contoso&reg; chandeliers shop for unique chandeliers and pendants at contoso&reg; online.,1158,6
contoso&reg; chandeliers brighten your home with quality chandeliers from contoso&reg;.,1139,5
chandeliers & pendants wrought iron & bronze chandeliers. light your home with contoso&reg;!,22762,43
contoso&reg; chandeliers shop for unique chandeliers and pendants at contoso&reg; online.,14646,27
contoso&reg; chandeliers brighten your home with quality chandeliers from contoso&reg;.,13707,26
contoso&reg; {keyword:chandeliers} shop beauitful chandeliers & pendants from contoso&reg; today.,11042,31
contoso&reg; {keyword:chandeliers} shop unique chandeliers featuring delicate accents & elegant style.,23935,110
contoso&reg; chandeliers shop for stylish chandeliers today for your home at contoso&reg;.,11499,26
contoso&reg; chandeliers set your home apart with beautiful chandeliers from contoso&reg;.,12000,26
contoso&reg; {keyword:armoires} find classic armoires & more. built to last at contoso&reg;.,3433,8
contoso&reg; {keyword:armoires} classic armoires furniture & more great quality & style. shop now!,1265,5
contoso&reg; armoires shop variety of top quality stylish armoires & more at contoso&reg;.,1660,2
contoso&reg; armoires shop beautiful top quality armoires many styles & finishes available!,1599,4
contoso armoires find the perfect armoire for your tv clothes and more. shop now!,1571,8
contoso&reg; armoires classic styles & quality materials. armoires available at contoso.,1627,3
contoso&reg; armoires classic styles & quality materials. shop armoires at contoso&reg;.,1657,10
contoso&reg; {keyword:armoires} shop beautifully crafted wooden armoires from contoso&reg;!,3611,8
contoso&reg; {keyword:bedding} shop quality duvets sheets & more. available only at contoso&reg;!,37920,20
contoso&reg; {keyword:desks} create a functional work space. shop desks from contoso&reg;.,18269,25
contoso&reg; {keyword:mirrors} shop stylish floor & wall mirrors. exclusively from contoso&reg;.,25541,11
contoso&reg; {keyword:benches} find quality benches & more for your home at contoso&reg;.,5560,4
contoso&reg; {keyword:desks} create a functional work space. shop desks from contoso&reg;.,1536,6
