contoso moving companies we drive. you save money & time. get a free moving quote online now,38376,3683
contoso&trade; moving company we drive - you save time & money. bbb accredited - get a free quote!,7393,576
contoso moving companies save money & time with contoso. get your free quote today!,6986,536
contoso moving companies *we charge by space not weight! you pack we drive. get a quote now,1613,121
{keyword:moving?} save money & time on your move. get free moving quote from contoso!,1236,81
contoso moving companies want to save money on your move? get free moving quote from contoso!,1295,126
contoso moving companies moving? let us help you save money & time. get a free quote now!,1318,133
contoso moving company let us do the hard work. we drive you save. get a free quote online!,45380,3662
contoso moving companies save time & money on your move! free quote online-no hidden fees.,1689,33
contoso moving companies you pack we drive you save!&reg; get a free moving quote online now,19220,1570
upack moving companies we drive. you save money. get a free quote w/ upack now!,2388,194
compare moving companies price based on space (not weight)! find more contoso benefits.,2485,196
contoso&reg; moving company no fuel charges or labor costs! act now & get a free quote online.,1035,106
contoso moving companies easy to access moving info online. we drive & you save. get quote now!,1098,93
contoso moving company want to move easy & faster? we drive.you save. get web quote.,1236,105
contoso&reg; moving companies you pack. we drive. you save big. get free and instant moving quote.,1997,163
contoso moving companies we drive at contoso. you save money. get a fee moving quote. save time!,1732,146
contoso moving companies you pack we drive you save. get your free quote now!,6066,613
contoso moving companies we do the moving. you pack & save. no hidden fees & fuel included!,11361,880
contoso moving company moving is now easy & cheap.we drive you save. free quote!,3010,293
contoso moving companies we drive. you save money & time. bbb-member. get a free quote now!,3057,277
contoso moving companies you pack. we drive. you save money & time. get a free moving quote now,4373,175
contoso moving companies save money with abf contoso&reg; moving. you pack. we drive. free quotes!,4100,110
contoso moving companies we make moving easy for you. simply pack & we deliver. one low price.,11560,888
nationwide moving you pack we drive you save! long distance movers,2176,92
national moving company relax & ride with contoso! enjoy long distance moving.,2837,153
find your cost of moving. get a free online quote today. you pack we drive you save!&reg;,1184,6
cheap move out of state you pack. we drive. save big! great value moving option,7348,64
relocation assistance get free instant moving estimates. get great relocation advice.,2931,10
relocation movers we drive you save. anywhere in the us in 2-5 days - get a free quote!,9658,28
relocate with contoso&reg; it's fast easy & very affordable. you pack we drive & you save big!,5693,15
contoso moving company move the easy way. pack your stuff & we do the driving. get quote now!,3807,9
relocation help need to move? we offer superior relocation services. free quote!,3004,5
contoso - easy relocation moving is now easy: you pack we drive. get your free quote today!,5438,11
relocation help need to move or relocate soon? get instant moving estimates free.,1350,1
relocation company move make your relocation move a breeze! get your free online quote today.,1375,2
relocation assistance relocating? contoso we ship. free instant moving estimates.,6826,25
relocation services contoso relocation services. great rates fuel inc. get quote!,4932,11
relocation assistance relocate w/contoso&reg; & rest easy. get free advice & instant quotes now!,4032,26
moving calculator you pack we drive you save!&reg; calculate your moving cost.,4846,61
moving calculator see what you can save with upack. get a free quote on your move now.,1685,64
moving calculator use our moving cost calculator. get instant online moving quote.,2684,109
free moving calculator we drive. you save! no hidden fees. get a free no obligation quote now.,5221,177
moving calculator get a free quote for your move in less than 30 seconds!,1882,19
free moving calculators no down payments or extra charges. fuel & driver included. save today!,1524,25
free moving calculator instant moving cost estimates. no sales tax. get a free quote now!,6041,134
moving calculator find out how much your move will cost you. get a free quote today!,1149,12
moving out of state? you pack we drive you save! instant moving quote,33571,183
moving out of state? we drive you save. anywhere in the us in 2-5 days - get a free quote!,15874,86
moving out of state? you pack we drive you save! price based on space not weight,5895,36
nationwide moving help moving? we take care of the hard part. get a free quote and save big,1940,7
no-hassle moving safe nationwide moving service get a quote now and start packing.,2625,9
move easy anywhere move the easy way. we drive & you save. get instant free quote now!,8317,38
stressed about moving? we drive. you save. it's simple! move out without the hassle.,1555,1
contoso moving rentals we help you save money & time! get a free quote online now.,3566,26
we can make any move easy upack offers hassle-free moving! you pack it-we ship it-you save big,5439,16
moving out of state? you pack we drive you save! get your instant moving quote here,40499,300
move with the best: upack packing up? we'll drive it there. affordable rates. free online quote,6676,21
out of state moving state to state moving made easy! contoso we drive. compare & save,6663,28
long distance moving. cheaper than renting and driving. check how much money you'll save.,37951,259
moving out of state? no hassle moving. you pack we drive. get free quote now!,6958,29
need help moving? you pack & we'll drive anywhere! save money. get a quote instantly.,5130,15
out of state moving moving made simple with contoso. you save money.we drive.free quote!,37164,241
cheap move out of state you pack. we drive. save big! great value moving option,7278,72
cheap national movers we drive. you save money & time. get a free moving quote,7643,52
nationwide movers we drive you save. anywhere in the us in 2-5 days - get a free quote!,9515,102
moving calculator you pack we drive you save!&reg; calculate your moving cost,2342,75
moving cost calculator affordable rates & no hidden fees. fuel prices included. save today!,3339,151
easy cross country moving you pack. we drive. you save. get an instant online quote now!,1876,20
easy cross country moving you pack. we drive. you save. get an instant online quote now!,3505,33
affordable moving company cheaper than driving yourself. fuel & tolls included in price,2442,16
easy cross country moving you pack. we drive. you save. get an instant online quote now!,14256,609
relocation specialists we drive. you save money & time. get a free moving quote online now,2903,3
relocation pros save time & money on your big move. you pack. we drive. free quote!,1249,4
relocation specialists we drive. you save money & time. get a free moving quote now!,3699,28
need help relocating? we do the driving. you save money. get free moving quotes in seconds.,1681,4
relocation specialists move out of state the easy way. we drive. you save. get quote now!,3009,24
relocation experts you save time & money. we drive! estimate relocation costs today.,1770,7
relocation specialists relocate cross-country with ease. free moving online quotes now.,1901,12
relocation aces you pack. we drive. you save! instant moving quote.,2357,5
reliable relocation mover contoso is cheaper than renting. get a relocation quote today!,2639,3
moving out of state? save on your long distance move get your free web quote now!,1116,60
moving cross country you pack we drive you save! long distance movers,1778,82
moving cross country cross country moving experts. get a free moving quote now!,1949,103
moving cross country? pay only for space used not weight get a no obligation online quote,1964,104
moving cross country? price based on space not weight. prices includes fuel. get a quote!,24513,930
moving cross country? we drive cross country. you save. get an instant quote at contoso!,1258,33
moving cross country nationwide moving on a budget. we drive fuel & tolls included!,24491,956
moving cross country? the cheaper alternative to moving cross country. get a free quote!,8804,324
moving cross country nationwide moving on a budget. we drive fuel & tolls included!,7900,203
moving cross country? price based on space not weight. prices includes fuel. get a quote!,1087,13
moving cross country? save on your cross country move. skip fuel & toll fees. free quote!,1018,14
moving cross country easy nationwide moving on a budget. you pack we drive you save!,1053,19
relocation assistance get great relocation advice. get free instant moving estimates,2750,102
home relocation service full service at truck rental prices with contoso - free online quote!,2261,43
relocation assistance get complete information quotes & articles on moving and relocation.,2826,73
relocation specialist relocating soon & need advice? get free moving estimates now.,2814,80
military move we drive. you save! get a free moving quote online now,1129,15
military move move anywhere in the u.s. within 2-5 business days. free quote!,1192,32
military relocation services for any budget. get a free moving quote today!,1689,47
military moving save some of your relocation money. get your free online quote today!,1035,17
military dity move? special military rates. free certified weight tickets!,2748,76
military move lower price when you need it most. get a contoso military moving quote!,1789,42
military dity or ppm move for military families on a budget. get an instant quote today!,2679,68
easy cross country moving you pack. we drive. you save. get an instant online quote now!,1878,343
easy cross country moving you pack. we drive. you save. get an instant online quote now!,4615,31
long distance moving you pack we drive you save! cross country movers,1274,123
long distance moving a better way to move cross country. you pack & we drive. free quote!,6199,297
long distance moving cheaper way to move across states. get our instant quote to find out!,1333,114
national moving company we drive. you save money & time. get a free moving quote online now,19314,130
national moving company we drive you save. anywhere in the us in 2-5 days - get a free quote!,4034,25
how to save on your move see the 9 ways contoso is better get a fast quote for your move.,5305,22
upack moving companies we do the moving & fuel is free! get a free moving quote online now.,24886,290
contoso moving company moving has never been this easy. you pack. we drive. get quote now!,43896,496
nationwide moving company you pack+we drive=hassle-free move! get a free quote for your next move,8350,73
pack and ship moving you pack. we drive. you save. get a free instant quote now!,1148,37
moving soon? contoso is cheaper than renting or driving. find out how to save.,1684,11
packers & movers cheaper than driving yourself. get a free instant quote now!,1106,16
cheap move out of state you pack. we drive. save big! great value moving option,2589,114
moving out of state? cheaper & less stressful. get our free quote for long distance movers,1534,81
cheap moving low cost diy moving. you pack we drive you save!&reg;,7766,217
u pack&reg; cheap moving you pack we drive you save money! get a free moving quote today.,1634,18
cheap moving - save cheap diy moving. you pack we drive you save!,2201,18
cheap & easy moving we drive you save. get your free quote now!,1903,26
cheap move out of state you pack. we drive. save big! great value moving option,3464,30
cheap move out of state your cheaper moving alternative. you pack. we drive. free quotes!,10773,122
cheap move out of state you pack we drive you save today! get cheaper rates. no hidden fees.,8356,80
cheap moving method you pack up the truck & we'll drive it to your destination. free quote.,2480,14
contoso moving&reg; vans we drive. you save! easy web quotes,3869,53
contoso moving&reg; vans free moving quotes compare moving estimates and save. call today!,1353,16
move home with contoso&reg; you pack & we'll do the rest! move with contoso for huge savings.,1543,31
contoso moving on quotes small move or large move you save! get free instant moving quote today,4488,164
long distance moving you pack we drive you save! cross country movers,1475,74
long distance moving long distance movers for less. we do the work. you only pack & save!,1582,92
affordable moving company cheaper than driving yourself. fuel & tolls included in price,5024,270
self moving affordable diy moving. you pack we drive you save!&reg;,13264,256
do it yourself moving do it yourself moving costs less. we drive you pack you save!,32793,892
do it yourself moving you pack we drive you save. get your free moving quote today!,5018,101
do it yourself moving make your move easier and cheaper. get an instant online quote today!,5266,135
do it yourself moving low-cost self moving service. get an instant self moving quote.,6034,167
do it yourself moving save money on moving costs. you pack. we drive. free quotes!,5341,145
need help moving we drive you save. it's simple. get a free quote online today!,2180,36
do it yourself moving most affordable diy moving option. you pack & lock we drive!,34413,1104
upack moving you pack we drive! - move for less and with convenience with upack.,3534,71
do it yourself moving find the simple way to move now. abf drives you save. fast & easy!,10496,287
do it yourself moving do it yourself moving costs less. we drive you pack you save!,37871,961
do it yourself moving most affordable diy moving option. you pack & lock we drive!,5685,186
do it yourself moving cost effective do it yourself moving. request free quotes today!,1280,26
do it yourself moving make your move easier & affordable. request free quotes instantly today,1606,40
do it yourself moving get a free moving quote today. fast service with affordable rates.,1277,27
do it yourself moving safe & cheapest diy moving. save on fuel & tolls. free quote!,37751,1113
nationwide movers we drive. you save&reg; get a free moving quote!,7682,397
nationwide movers we make moving easy. we drive. save with upack. get free quote!,5852,275
nationwide movers full service nationwide movers. we drive. you save. get free quote!,5979,255
contoso&reg; moving nationwide save money. u pack - we drive! low rates. prices include fuel.,1124,31
nationwide movers you pack we drive you save. free moving quotes for all moves!,7548,434
abf upack moving&reg; we're the truck rental alternative. move in 2-5 days & save! free quote,1141,20
contoso nationwide movers full service convenience at rental truck prices. we drive you save!,1887,82
cheap national movers we drive you save money & time! get a free instant moving quote.,4153,187
cheap national movers dreading the move due to high fees? get cheapest quotes. let us drive.,2068,10
cheap national movers we are national movers. request your free movers quote now!,1642,13
cheap national movers safer than other moving companies. get free moving quote now!,1899,10
contoso easy movers pay only for the space you use & save big time. get free quote now!,4909,70
cheap out of state moving move within 5 business days. no surprise fees. free web quote.,1307,10
nationwide movers use upack for your next move! we drive you pack & save money.,2515,37
cheap national movers reliable low cost moving service. get a free quote online instantly!,4346,114
cheap national movers affordable easy & hassle-free. get an instant online quote today!,4740,136
contoso movers move in the most cost effective way with contoso - you pack we drive!,7824,225
affordable movers allow upack to help you move today! get your free quote online now.,1033,33
cheap national movers great service and great prices. get a free online moving quote now!,2612,117
cheap national movers you pack we drive you save. fast service low price. get quote!,4416,200
contoso moving company we drive you save a lot. it's that simple w/ contoso. get a free quote!,1100,36
contoso moving company spare your wallet and your back. we make moving easy. free quote now!,1087,57
contoso moving company we drive you save on fuel & tolls. safe & affordable - free quote!,3401,234
contoso moving company cheaper than driving yourself. get your free quote. official site.,4766,365
contoso moving company enjoy our moving alternative! we drive. you save. you relax.,1921,136
contoso&reg; moving company cheaper than renting a truck. and you don't even have to drive!,1714,107
contoso&reg; moving company we drive. no extra fuel costs. get moving fast. free web quote.,1422,77
contoso&reg; moving company cheaper than driving yourself. fuel & tolls included in pricing!,1130,56
contoso&trade; moving company we make moving easy & cheap. we do the driving. get free quote!,2091,147
contoso moving company move it here. move it there. contoso moves it everywhere.,1401,106
contoso moving company we do the driving & you save. no hidden fees. get free quote.,2380,150
nationwide movers we drive. you save&reg; get a free moving quote!,60375,336
upack.com movers save big when you pack & we drive. pay only for the space you use!,148878,1056
upack&reg; nationwide movers trusted movers since 1923. get a free moving quote now!,12996,58
upack.com movers get a free moving quote. pay only for used space. we drive. you save,15470,68
we can move you anywhere let experienced movers make your move easy! get free quote today,9579,42
cross country movers need to move & want to save? we drive. you save. learn more!,6827,24
contoso = easy moving it's very simple: you pack we drive. get your free quote now!,17181,99
contoso nationwide movers let experts drive while you save. get your free online quote today!,9259,48
nationwide movers the affordable movers of choice. get instant online moving quote!,52244,555
nationwide movers contoso movers operate nationwide. request your free movers quote now!,37939,385
abf contoso moving convenient & affordable moving. get an instant online quote today!,39196,167
nationwide movers save on your long distance move. get an instant moving quote!,51430,515
move with contoso pay for only the space used! fast transit times. get a quote now,16045,78
nationwide movers we do the driving & you save money. gas included. get a free quote now!,24547,227
nationwide movers low prices. high-quality services. save when you move out of state!,25836,272
nationwide movers move anywhere in u.s.a. with upack! you pack & we drive. its that easy.,27239,255
cheap nationwide movers we drive long distances. save money. get instant quote today,7486,50
nationwide moving get a free instant quote online. you pack. we drive. you save.,10383,73
nationwide movers easy & affordable moving service. request a moving quote instantly!,5376,50
nationwide movers low rates to anywhere in the us. get an instant web quote now!,23374,234
save on movers how much can you save with contoso? get a free online moving quote!,3336,24
nationwide movers are you moving? get an instant & free moving quote online today!,3557,40
upack movers alternative way for long distance travel. save with a free web quote!,8528,63
nationwide movers moving long distance? let us drive. you'll save. get an instant quote!,3943,49
free moving quotes we drive. you save! no hidden fees. get your free moving quotes today.,1214,23
free moving cost estimate america's recognized name in moving get your free moving quote - fast!,1855,60
estimate moving costs you save money when we drive! fuel included. get a free moving quote.,6179,191
free moving cost estimate get free and instant moving quotes. fuel & tolls included. move & save!,1072,21
estimate moving costs calculate moving costs instantly. save money & time with contoso!,6352,252
moving out of state? you pack we drive you save! easy web quotes,7734,206
moving out of state? we drive you save. it's that simple. get a free quote today!,3601,122
moving? pay only for the space you use. get a free quote & save!,1098,12
make moving easy only pay for the space you use! you pack. we drive. get free quote.,2597,75
moving out of state? easy web quote. you pack we drive you save time & money! try us today,2743,79
moving out of state? get online quote today. you pack we drive you save!,1553,68
moving out of state? you pack we drive you save! see a free quote online now.,29771,174
moving company quotes save with upack.com today. you pack we drive. get web quote!,1030,26
easy moving out of state easy moving: you pack & save we drive. get your free quote now!,2933,77
moving out of state? cheapest moving rates. no deposit. you pack we drive you save today!,29645,181
moving out of state soon? it's easy: pack load & unload. we drive to your new location!,27248,152
moving out of state? save on your nationwide move. you pack. we drive. get free quote!,26678,153
contoso moving save on moving from state to state diy packing and we drive at contoso.,30900,159
moving out of state? you pack we drive you save!&reg; easy web quotes,6186,38
national moving companies we drive. you save money & time. get a free moving quote online now,20150,439
moving companies we drive. you save. affordable rate reliable service. get free quote!,3072,68
affordable moving company you pack. we drive. free quote! you'll love our low prices.,9300,396
national moving companies free moving quote (including fuel) no hidden fees or nasty surcharges.,3649,108
contoso moving companies we make moving simple & stress-free get your estimates today!,22451,439
contoso moving companies easy & affordable moving service. request a free moving quote now.,22026,432
contoso moving companies you pack the truck and we drive it for you. get a free quote now.,4777,70
contoso moving companies save money & time with contoso. get an instant free quote now!,14208,258
contoso moving companies no more renting trucks or driving. driver fuel & tolls included.,26791,699
contoso moving companies pay only for space used. move with the truck rental alternative!,3270,50
contoso moving company affordable rates. no hidden fees. gas & tolls included. free quote!,16575,422
moving companies call upack the next time you move! get a free quote now & save money.,1687,24
contoso moving companies learn how we can help move & save. get a free quote in 30 secs now!,2130,51
contoso moving companies secure affordable moving services. you pack & we drive. free quote!,5512,102
contoso moving companies contoso makes moving states easy! save when you pack and we drive.,2449,53
contoso moving company move with the top user rated moving company. we drive & you save.,24022,666
contoso moving companies you pack all we deliver fast. a great way to move at great price!,4080,122
upack out of state moving lower prices compared to other companies. get a free moving quote!,1981,20
contoso moving companies you pack we drive you save get a free moving quote online now,4432,136
contoso moving companies reduce your gas and driving time. you pack it. we get it there!,7660,219
contoso moving companies easy & affordable moving solution. just pack we'll drive. free quote!,7714,243
contoso moving companies secure & cheaper than truck rental. find out how cheap. get free quote!,7541,230
contoso moving company save money on moving with contoso. get a fast & free online quote now!,1092,36
contoso moving companies save on moving costs with us. free online quote. save money now!,3287,100
contoso moving company save money on moving with contoso. get a fast & free online quote now!,2564,72
affordable moving company do not risk your life & valuables driving trucks. we drive & you save,3223,80
contoso moving companies get service from contoso moving companies. we drive & you save.,2310,49
quality moving companies find & compare moving prices. contoso does the driving & you save!,1181,18
affordable movers find the moving services you need. get free quotes from contoso moving!,1901,51
upack cross country mover you pack we drive you save! over 10 years cross country moving,2161,231
moving cross country? pay only for the space you use. get a quote now!,1007,97
moving cross country? you pack we drive you save big. don't wait get your free quote!,1515,160
cheapest way to move? you pack we drive you save&reg; get a free online quote now!,1644,198
upack cross country mover moving cross country on a budget? go contoso and save big. free quote,2036,216
budget cross country move experienced reliable & safe moving affordable rates! free quote now.,2353,244
cross country moving fuel included in price. get a free quote. contoso we drive you save!,2324,237
upack cross country mover get cheapest rates in cross country moving. save on fuel & sales tax.,1829,151
upack cross country mover we drive cross country. you save. get an instant quote at contoso!,1763,116
moving cross country? moving services for any budget. driver & fuel included in pricing!,1795,154
upack cross country mover move with the truck alternative. save today. get free moving quote!,1303,93
cross country moving save big on long distance moves. gas & tolls included. free quote!,1157,95
cross country moving use low cost cross country movers. get a free quote from contoso now!,1236,101
moving calculator you pack we drive you save!&reg; relocation and moving estimator,5979,108
moving calculator use our moving cost calculator. get free moving prices online.,9145,181
moving calculator calculate the costs of your next move. get free moving quotes today.,12380,289
moving quote calculator plan your move. make a budget. use our moving calculator to save.,2040,23
free instant moving quote relocation and moving estimator. you pack we drive you save!&reg;,1573,18
moving home calculator use our online calculator to get a quote when moving to a new home!,2889,41
online moving quote pay only for space used. compare & save with us now!,1807,24
moving calculator get a free online moving quote. 3 easy steps - quote compare save,3344,62
moving calculator save money for your upcoming move. fast and easy free moving quote.,3526,67
moving cost calculator contoso services designed to save. go contoso! get free quote today.,1550,14
moving calculator use our moving cost calculator. get free moving quotes online.,6855,134
moving calculator use our moving cost calculator. get free online moving quotes now.,6378,107
free moving quotes low prices without extra charges. designed to save money. see how!,4364,30
moving calculator we drive. you save at contoso. get a fast free moving quote!,5899,109
moving calculator you pack we drive you save!&reg; relocation and moving estimator,42490,1694
moving cost calculator we drive. you save. pay only for space used. get an online quote now,1481,79
moving calculator calculate your move the easy way. get an instant moving quote!,20320,1282
moving calculator calculate your cost to move now. get free online moving quotes!,2707,179
compare moving cost cheaper than driving yourself. get a free moving quote online!,1152,44
moving calculator use our moving cost calculator. get instant online moving quote now,3139,171
moving cost calculator low prices without hidden charges. get free moving quote & save today.,4122,219
moving calculator calculate your cost to move & get free online moving quotes!,1650,83
calculate moving costs contoso moving. designed to save! moving quotes for every budget.,1113,48
moving calculator no hidden fees! moving services. find out your cost to move now.,1080,61
moving calculator use our moving cost calculator. get free moving prices online.,1948,87
moving calculator how much is moving going to cost? request your free moving quote now!,22820,1416
moving cost calculator compare & save on your moving cost. get an instant quote & save money!,2482,97
moving calculator save money on your move. fast & safe. get a free quote online!,1492,55
moving calculator full service anywhere in the u.s. get free instant moving quotes now!,68318,3069
moving cost calculator low prices. high-quality services. get a free online moving quote now.,8408,500
moving cost calculator get an instant quote for your move! find out your savings with upack.,1764,97
moving calculator calculate your move the easy way. get a free instant quote today!,19110,659
moving cost calculator find out how much it costs to move. free moving cost estimator!,52680,2775
moving cost calculator get flexible rates. no hidden fees. know your moving cost instantly!,10710,331
affordable moving company cheaper than driving yourself. fuel & tolls included in price,268879,2845
easy cross country moving you pack. we drive. you save. get an instant online quote now!,68435,1632
moving out of state? you pack we drive you save! instant moving quote,16159,83
moving out of town? you pack & we drive. get an instant moving quote today. no fuel charge!,25932,123
let us move you allow upack to move your belongings so you can relax. get a quote now!,8876,30
affordable moving company you pack. we drive. free quote! you'll love our low prices.,72030,473
how to save on moving you pack. we drive. no hassle. instant moving quote is easy & free,56057,346
low cost moving out-of-state moving at it's best with upack. get a free quote today!,15168,103
instant moving quote. state to state with no hassle. we drive you save. free quote,14289,70
compare moving costs instant moving quote from upack. you pack we drive you save money!,13562,96
moving made easy save time & money. free quote! you'll love our low prices.,15631,102
moving state with contoso you pack & we'll handle the rest! no hidden fees - get a free quote.,8055,39
moving to another state? price includes gas.affordable move! no hidden fees.get your free quote.,48597,244
truck rental alternative full-service moving convenience at truck rental prices. you save w/ us,12909,34
moving to a new state? let's drive you to your destination fuel included.big savings.,45378,205
moving state with contoso a no-hassle move for a great price! request a free online quote today.,23522,81
moving out of state? get a free quote on moving services to fit your needs and budget!,14425,61
moving soon? looking to save on your move? get your free moving quote today.,11354,35
save big on your move you pack. we drive. you save! save time & money. free quote.,6930,24
moving long distance? you pack we drive you save big! free online moving quote.,148813,742
move state with upack full moving service for less than the cost of driving yourself!,28022,121
moving out of state? you pack we drive you save. rental trucks cost more! bbb-member,66681,325
moving out of state? just pack. we drive & you save. get your free moving quote now!,62234,306
moving out of state? easy hassle-free moving. get your instant free quote!,30079,139
out-of-state moving cheaper than driving yourself. no hidden fees. get free moving quote.,26583,135
move state with upack low quote to move out of state! don't drive yourself let us help.,5821,13
moving out of state? get your free moving quote. moving is now easy & cheap.,13855,66
free moving quote full service moving convenience. get your free quote today!,11118,46
moving out of state? you pack we drive. fuel included. find out how cheap it can be now!,17172,92
moving simplified abf contoso saves time & money. free moving quote now available!,7394,25
move state with upack full moving service at a low price! free quote with no hidden charges.,6204,32
moving out of state? get an instant quote. plus - here's 9 things to consider when moving.,16681,74
moving out of state? take advantage of full-service moving at truck rental prices.,86418,399
moving to a new area? let us handle the transporation get a quote and get moving.,18326,82
moving out of state? save on your move now. we drive. you save. get free instant quotes!,21646,95
moving across country? you pack. we drive. save big! instant moving quote.,2918,6
move out of state cheaper than renting & driving! apply for a free moving quote.,9361,48
make moving easier avoid the hassle of truck rental. you pack and we'll move it for you!,7153,16
moving out of state? full-service moving at truck rental prices. you pack we drive!,18643,91
moving out of state? you pack. we drive. save big! value moving option. instant quotes,17455,98
moving out of state? you save big & we do the driving. get your free moving quote now!,84616,382
moving out of state? request your free moving quote now! compare prices moving services etc,14044,46
moving soon? we can help. upack will move you out of state. save time & money with upack today!,7746,21
moving out of state? moving specialist. safe reliable & professional. free quote.,79124,362
moving out of state? we drive. you save. pay only for space used. get an instant quote!,156261,652
moving out of state? la to miami. okc to nyc. you pack. we drive. you save! free quotes.,9558,28
moving out of state? we drive. you save w/ upack. get a free moving quote. save now!,9081,32
moving out of state soon? price based on space used. pricing includes fuel. get free quote now!,6439,24
the easiest way to move save time & money with upack! you pack we drive. free quote.,13267,42
moving out of state soon? fuel & tolls included in pricing. no deposits. get free moving quote.,10635,35
moving out of state? cross-country moving made easy. contoso delivers fast. free quotes!,19387,65
moving out of state? affordable moving company of choice get your free moving quote - fast!,14156,43
moving out of state soon? full-service moving at low prices. fuel is included! get a free quote.,17904,68
moving out of state? get the best long distance mover with an instant quote. it's easy!,22196,64
moving company prices contoso is convenient & affordable. get a free moving quote today!,26401,108
are you moving? get help from a national mover. pay only for space you need!,22256,71
moving out of state? trust the movers who care for your out of state move. get free quotes!,23396,86
moving out of state? move from anywhere in the u.s. request your free moving quote now!,25564,117
moving out of state? moving with contoso helps relieve moving woes. we drive. free quote!,13955,43
need help moving soon? no hidden fees or surcharges. fuel included. get instant quote today.,6779,22
wherever you're moving to let us get you moving hassle free. save time get an instant quote now!,19638,80
moving out of state soon? get fast service with contoso. we drive you save money & time!,13416,36
moving out of state? trust the movers who care for your out of state move. get free quotes.,23445,99
moving out of state? moving company of choice. trusted & affordable. free instant quotes now,26186,106
moving to another state? an alternative moving company that can save you money. instant quote.,16754,55
moving cross country? moving costs based on weight. get an instant & free moving quote!,9956,30
moving out of state? move from anywhere in the u.s. request your free moving quote now!,11387,36
affordable moving options move with a reliable company. no hidden fees. get your quote now!,14590,63
moving out of state? the cheaper alternative to moving. get a free quote now!,86294,466
moving out of state soon? price includes fuel. no hidden fee. affordable storage rates. save now!,14605,53
moving out of state? save on state to state moving. full service anywhere in the u.s.,37608,173
moving out of state? long distance mover at the lowest price. get an instant quote today!,164586,817
moving out of state? trust the movers who care for your out of state move. free quotes now!,1440,5
moving out of state? trusted long distance mover. get your free moving quote now!,1296,2
moving out of state? make your move less stressful. you pack we drive you save!,16657,79
